timestamp,service,region,requests,errors,error_rate,latency_p95_ms,revenue_usd,expected_requests,expected_error_rate,expected_latency_p95_ms,z_requests,z_error_rate,z_latency,revenue_impact_usd
2026-04-20T08:00:00Z,checkout,us-east,1010,10,0.0099,218,5100,1000,0.0100,220,0.2,-0.1,-0.2,0.00
2026-04-20T09:00:00Z,checkout,us-east,990,11,0.0111,221,5050,1000,0.0100,220,-0.2,0.3,0.1,0.00
2026-04-20T10:00:00Z,checkout,us-east,970,91,0.0938,245,4300,1000,0.0100,220,-0.6,8.4,1.4,780.00
2026-04-20T10:00:00Z,payments,eu-west,880,8,0.0091,910,3900,900,0.0100,210,-0.4,-0.2,7.0,620.50
2026-04-20T11:00:00Z,search,global,410,4,0.0098,190,1200,1000,0.0100,190,-5.9,-0.1,0.0,510.25
2026-04-20T11:00:00Z,recommendations,us-west,90,2,0.0222,500,80,100,0.0100,190,-0.5,4.0,5.5,20.00
2026-04-20T11:30:00Z,checkout,us-east,930,9,0.0097,880,4050,1000,0.0100,220,-1.4,-0.2,6.6,410.00
2026-04-20T12:30:00Z,profile,global,760,38,0.0500,260,900,800,0.0100,210,-0.8,4.2,3.1,125.00
2026-04-20T12:00:00Z,checkout,us-east,1040,12,0.0115,223,5150,1000,0.0100,220,0.8,0.4,0.2,0.00
